provider,provider id,provider label,provider description,provider group code,benthic attribute,growth form,benthic_attribute_id,growth_form_id
Reef Cloud,3230,Abyla,Abyla,MACROALGAE,Abyla,,405191d9-4d7b-497e-9965-4149142653ac,
Reef Cloud,3204,Acanthaster planci (Crown-of-thorns),Acanthaster planci (Crown-of-thorns),OTHER INVERTEBRATES,Acanthaster planci,,2bdfc0fe-e0d3-4be2-970b-508ea40e1495,
Reef Cloud,3205,Acanthastrea,Acanthastrea,HARD CORAL,Acanthastrea,,d6511689-4a1f-4c28-b5bc-1eaf02b5dfbc,
Reef Cloud,3206,Acanthophora,Acanthophora,MACROALGAE,Acanthophora,,08497e2e-570d-4394-9e97-c9bbdf0f7165,
Reef Cloud,3207,Acetabularia,Acetabularia,MACROALGAE,Acetabularia,,f05b022a-7158-42b9-a592-82418a7a8578,
Reef Cloud,3208,Acropora,Acropora,HARD CORAL,Acropora,,050c0689-0b01-4a6c-afbf-a5d3ca39c310,
Reef Cloud,3209,Acropora cervicornis,Acropora cervicornis,HARD CORAL,Acropora cervicornis,,c20e38e5-ac36-41b3-a234-14e8f0de5c16,
Reef Cloud,3210,Acropora palmata,Acropora palmata,HARD CORAL,Acropora palmata,,5090e2b1-d85c-40ec-8c70-8b34ea90a7f2,
Reef Cloud,3211,Acropora prolifera,Acropora prolifera,HARD CORAL,Acropora prolifera,,9f6436ae-e654-4845-a853-85344a2f8675,
Reef Cloud,3212,Acroporidae,Acroporidae,HARD CORAL,Acroporidae,,a36b36c6-1f9f-4aa1-922c-61e74c786187,
Reef Cloud,3213,Actiniaria (Sea anemone),Actiniaria (Sea anemone),OTHER INVERTEBRATES,Actinaria,,df88a39f-9381-4d12-90a3-d2ec34042061,
Reef Cloud,3214,Agaricia,Agaricia,HARD CORAL,Agaricia,,79a84274-88f2-4135-90dd-8c1a501f87d5,
Reef Cloud,3599,Agaricia agaricites,Agaricia agaricites,HARD CORAL,Agaricia agaricites,,da503ac3-1c43-49d4-aafa-a7f8c140dec7,
Reef Cloud,3215,Agaricia fragilis,Agaricia fragilis,HARD CORAL,Agaricia fragilis,,aeef595c-8a38-4e57-9a32-45676e09edec,
Reef Cloud,3216,Agaricia grahamae,Agaricia grahamae,HARD CORAL,Agaricia grahamae,,53cf4a1c-1b45-48b6-a6c0-7a4752ad24b9,
Reef Cloud,3217,Agaricia humilis,Agaricia humilis,HARD CORAL,Agaricia humilis,,f781e3c2-11db-40e2-b9a8-be43f54bc40c,
Reef Cloud,3218,Agaricia lamarcki,Agaricia lamarcki,HARD CORAL,Agaricia lamarcki,,89e34529-a92a-4216-b549-dd2110c07df0,
Reef Cloud,3601,Agaricia tenuifolia,Agaricia tenuifolia,HARD CORAL,Agaricia tenuifolia,,b6bdb216-19dd-47b7-bbd2-4234f9787316,
Reef Cloud,3219,Agaricia undata,Agaricia undata,HARD CORAL,Agaricia undata,,5a6541ce-7986-4e7a-a2d2-8eff7589c34a,
Reef Cloud,3220,Agariciidae,Agariciidae,HARD CORAL,Agariciidae,,3151a2f4-1f93-41c6-998a-3b5bcbb27717,
Reef Cloud,3221,Agelas,Agelas,SPONGE,Agelas,,0f549ca9-921b-430e-9230-68e5fd00466a,
Reef Cloud,3222,Agelas conifera,Agelas conifera,SPONGE,Agelas conifera,,6152ae0e-a2b8-404c-a651-9fe9542b633d,
Reef Cloud,3223,Agelas tubulata,Agelas tubulata,SPONGE,Agelas tubulata,,84d47bef-c115-4dde-ab02-82058d9cdaf5,
Reef Cloud,3224,Aiolochroia crassa,Aiolochroia crassa,SPONGE,Aiolochroia crassa,,09896627-0a2e-4d83-b00a-b7f8de7f5fee,
Reef Cloud,3226,Alcyoniidae,Alcyoniidae,SOFT CORAL,Alcyoniidae,,9284a7ed-c1f2-4099-917a-feee73ee411e,
Reef Cloud,3227,Algae,Algae,ALGAE,Macroalgae,,09226989-50e7-4c40-bd36-5bcef32ee7a1,
Reef Cloud,3228,Alveopora,Alveopora,HARD CORAL,Alveopora,,6a813c81-58a1-4fb4-ace8-b62e7c4183ae,
Reef Cloud,3229,Amansia,Amansia,MACROALGAE,Amansia,,5f02c034-b2ae-45f0-824b-1200cb1ecadc,
Reef Cloud,3231,Anacropora,Anacropora,HARD CORAL,Anacropora,,18d122c9-bbb0-4a53-a878-439e9a715d09,
Reef Cloud,3233,Anomastraea,Anomastraea,HARD CORAL,Anomastraea,,be196ff7-1bbc-4394-951e-2feb99e20638,
Reef Cloud,3235,Antipatharia,Antipatharia,SESSILE INVERTEBRATES,Antipatharia,,11c3a113-0516-4f62-9030-eaa859846805,
Reef Cloud,3236,Aplysina,Aplysina,SPONGE,Aplysina,,7a03b8d8-63bc-4622-bfe8-0a512c51ebbb,
Reef Cloud,3237,Aplysina cauliformis,Aplysina cauliformis,SPONGE,Aplysina cauliformis,,6ca62dbb-d734-42cc-bde3-72f4ce8bdd85,
Reef Cloud,3238,Aplysina fistularis,Aplysina fistularis,SPONGE,Aplysina fistularis,,21dfbd58-e7eb-499d-acde-5a6b090eb723,
Reef Cloud,3239,Aplysina fulva,Aplysina fulva,SPONGE,Aplysina fulva,,ced39d9b-517f-499d-bc84-5a2708c7565a,
Reef Cloud,3240,Ascidiacea (Sea squirts),Ascidiacea (Sea squirts),SESSILE INVERTEBRATES,Ascidian,,98872a8a-e688-4e8e-994e-777ddad439de,
Reef Cloud,3241,Asparagopsis,Asparagopsis,MACROALGAE,Asparagopsis,,482031e2-dcaf-44ba-af36-fa425bb72533,
Reef Cloud,260895,Asteroidea,Asteroidea (Sea stars),OTHER INVERTEBRATES,Asteroidea,,21cca0c7-9106-4345-8bcc-3d09f92e274a,
Reef Cloud,3242,Astrea,Astrea,HARD CORAL,Astrea,,63f29fbf-76db-4a6b-9559-dfb7277ba6b5,
Reef Cloud,3243,Astreopora,Astreopora,HARD CORAL,Astreopora,,22e2002e-0d55-4a43-88b3-caf04dbf874f,
Reef Cloud,3244,Astrocoeniidae,Astrocoeniidae,HARD CORAL,Astrocoeniidae,,e843a315-fda7-4d97-8f22-ffdb73034199,
Reef Cloud,3245,Australogyra,Australogyra,HARD CORAL,Australogyra,,47d77e5a-40f0-49d1-9e0f-de1ab00922bf,
Reef Cloud,3246,Australomussa,Australomussa,HARD CORAL,Australomussa,,8adbad2c-2adc-41f4-b4e8-2b4a9972f38e,
Reef Cloud,3247,Australophyllia,Australophyllia,HARD CORAL,Australophyllia,,5a1f02f6-d559-4757-b55d-4b83f6fcc76d,
Reef Cloud,3617,Avrainvillea,Avrainvillea,MACROALGAE,Avrainvillea,,a19c1549-baa0-4bd6-b345-7a30b3383b7c,
Reef Cloud,3248,Balanophyllia,Balanophyllia,HARD CORAL,Balanophyllia,,c94860b0-ca57-4bbd-906f-f86a24820397,
Reef Cloud,3249,Barabattoia,Barabattoia,HARD CORAL,Barabattoia,,e3779e93-7028-4748-a368-69d75a44851b,
Reef Cloud,3250,Bernardpora,Bernardpora,HARD CORAL,Bernardpora,,982ad84a-04ec-4fa9-9a0b-bb7e8ae16d60,
Reef Cloud,3251,Blastomussa,Blastomussa,HARD CORAL,Blastomussa,,123d5e37-3561-4873-89fd-fd1a5ccbd3c5,
Reef Cloud,3252,Boninastrea,Boninastrea,HARD CORAL,Boninastrea,,0d001861-934f-448f-8414-1bf81465bfa7,
Reef Cloud,3618,Boodlea,Boodlea,MACROALGAE,Boodlea,,eb7d15bc-400b-43ea-92e9-099709b80d1c,
Reef Cloud,3253,Briareum,Briareum,SOFT CORAL,Briareum,,f9480d47-b287-4151-87bc-82377a35651b,
Reef Cloud,3619,Bryopsis,Bryopsis,MACROALGAE,Bryopsis,,60531062-d2c6-48b4-bfae-32d8378e04ed,
Reef Cloud,3254,Bryozoa (Bryozoans),Bryozoa (Bryozoans),SESSILE INVERTEBRATES,Bryozoan,,47347942-7abe-4a3c-882f-20e595c8a261,
Reef Cloud,3255,Callyspongia,Callyspongia,SPONGE,Callyspongia,,f253df74-e8c1-4545-9697-675eb34f4d0c,
Reef Cloud,3257,Callyspongia aculeata,Callyspongia aculeata,SPONGE,Callyspongia aculeata,,11e2d842-4aaa-40f4-b992-cfaefa53109b,
Reef Cloud,3256,Callyspongia plicifera,Callyspongia plicifera,SPONGE,Callyspongia plicifera,,558b5508-5fe9-4a56-a2ba-89595d388f32,
Reef Cloud,3258,Cantharellus,Cantharellus,HARD CORAL,Cantharellus,,d1cf0839-1ee2-40d3-bae8-3e5cf6c5c4f0,
Reef Cloud,3259,Carijoa,Carijoa,SOFT CORAL,Carijoa,,aece84fb-2666-45a2-9cfb-110b909d1c77,
Reef Cloud,3260,Caryophyllia,Caryophyllia,HARD CORAL,Caryophyllia,,5cda98d6-f4eb-4775-bd6c-c5b286ed620e,
Reef Cloud,3261,Caryophylliidae,Caryophylliidae,HARD CORAL,Caryophylliidae,,1f0f7abe-fbf6-4dfb-bde1-b0a65ad89716,
Reef Cloud,3262,Catalaphyllia,Catalaphyllia,HARD CORAL,Catalaphyllia,,5d3abe2c-a9da-4468-8b00-fb5d156cb5be,
Reef Cloud,3263,Caulastraea,Caulastraea,HARD CORAL,Caulastraea,,5060a1b1-f158-4424-9f79-fcd5af7e6d88,
Reef Cloud,3264,Caulerpa,Caulerpa,MACROALGAE,Caulerpa,,a769ae7f-afb0-4d84-a915-b7ac7079b771,
Reef Cloud,3353,Ceratodictyon,Ceratodictyon,MACROALGAE,Ceratodictyon,,b6619b9e-b1f5-4619-9a3a-50f346a12129,
Reef Cloud,3265,Chlorodesmis,Chlorodesmis,MACROALGAE,Chlorodesmis,,f1c37a46-327b-4bc7-b2c1-8c1d26b14da8,
Reef Cloud,3266,Chlorophyta (Green Macroalgae),Chlorophyta (Green Macroalgae),MACROALGAE,Chlorophyta,,75a414e8-a5ae-4659-8e8b-06d40e5ea8a1,
Reef Cloud,3267,Chondrilla caribensis,Chondrilla caribensis,SPONGE,Chondrilla caribensis,,8c51dec4-2ca4-4fd4-ae2f-0f03083f2503,
Reef Cloud,3620,Chrysophyceae,Chrysophyta,ALGAE,Chrysophyceae,,c6addf10-04d9-483e-b127-792c8c46812d,
Reef Cloud,3268,Cladiella,Cladiella,SOFT CORAL,Cladiella,,9c477221-ab35-48f6-ac9f-3b6ca4ac3a05,
Reef Cloud,3269,Cladocora arbuscula,Cladocora arbuscula,HARD CORAL,Cladocora arbuscula,,b1d4db98-1345-439e-ace0-2782b18f9a66,
Reef Cloud,3270,Cladophora,Cladophora,MACROALGAE,Cladophora,,75fff2dd-2361-4112-adec-c9a39fd5c390,
Reef Cloud,3272,Clathria,Clathria,SPONGE,Clathria,,30282a90-a1dd-4ed2-bdf7-33b1dfdca622,
Reef Cloud,3273,Clavularia,Clavularia,SOFT CORAL,Clavularia,,8344022a-47b8-4491-8270-5db0799066be,
Reef Cloud,3274,Clavulariidae,Clavulariidae,SOFT CORAL,Clavulariidae,,88a383a4-f25b-45c4-ae1c-4c92a0e7e70d,
Reef Cloud,3275,Cliona,Cliona,SPONGE,Cliona,,07828914-a3e2-40a6-95f2-0bc6f9f31adf,
Reef Cloud,3276,Cliona caribbaea,Cliona caribbaea,SPONGE,Cliona caribbaea,,9be1c31b-4a05-4cee-b42c-7145e13ca3bf,
Reef Cloud,3278,Cliona tenuis,Cliona tenuis,SPONGE,Cliona tenuis,,33065ee4-3fd9-4d5d-ad9c-945c682aa07f,
Reef Cloud,3277,Cliothosa delitrix,Cliothosa delitrix,SPONGE,Cliothosa delitrix,,c30848e0-6322-4321-af0a-ab84202b6d1a,
Reef Cloud,3279,Codium,Codium,MACROALGAE,Codium,,b8c4efbb-9c72-4711-afa7-869e44a13f1f,
Reef Cloud,3280,Coelastrea,Coelastrea,HARD CORAL,Coelastrea,,57fe1f3e-2641-470a-acc5-6570cff962db,
Reef Cloud,3281,Coeloseris,Coeloseris,HARD CORAL,Coeloseris,,d491765d-5c50-4dcd-9493-2edfa46f0656,
Reef Cloud,3282,Coelothrix,Coelothrix,MACROALGAE,Coelothrix,,1aa5e338-ccd0-4a34-9c6f-7595beee04d4,
Reef Cloud,3283,Colpomenia,Colpomenia,MACROALGAE,Colpomenia,,b48e2e20-61af-435f-9a94-b8ebce9068a3,
Reef Cloud,3284,Colpophyllia natans,Colpophyllia natans,HARD CORAL,Colpophyllia natans,,5f0cb866-1e5f-4277-a8a6-ffd31e811c66,
Reef Cloud,3286,Corallimorpharia (Corallimorphs),Corallimorpharia (Corallimorphs),SESSILE INVERTEBRATES,Corallimorpharia,,1c3b186a-7e30-4fbb-bd0e-95362416e1dd,
Reef Cloud,3288,Coscinaraea,Coscinaraea,HARD CORAL,Coscinaraea,,53b51b8f-3d3d-426a-9316-5057cc57d7f9,
Reef Cloud,3630,Coscinaraea monile,Coscinaraea monile,HARD CORAL,Coscinaraea monile,,319fcee9-ffa7-4fd4-a3e1-c96955ccdbce,
Reef Cloud,3289,Coscinaraeidae,Coscinaraeidae,HARD CORAL,Coscinaraeidae,,87749844-9e68-499f-9ee9-1641ed6d092e,
Reef Cloud,3290,Crinoidea (Feather stars),Crinoidea (Feather stars),OTHER INVERTEBRATES,Crinoid,,c08ffd84-5d06-487f-aad7-877cb7da4578,
Reef Cloud,3291,Crustose coralline algae,Crustose coralline algae,CRUSTOSE CORALLINE ALGAE,Crustose coralline algae,,f4df7abd-3d51-42fb-8cab-5102b95fad8e,
Reef Cloud,3292,Cryptonemia,Cryptonemia,MACROALGAE,Cryptonemia,,25602421-639d-4d60-beec-05ceae778c62,
Reef Cloud,3293,Ctenactis,Ctenactis,HARD CORAL,Ctenactis,,6c10a5ed-1e35-4e73-9dff-b6c42fb7bdad,
Reef Cloud,3294,Ctenella,Ctenella,HARD CORAL,Ctenella,,65301bc3-7a0c-4ae0-ae01-a2307b40409c,
Reef Cloud,3390,Cyanarina,Cyanarina,HARD CORAL,Cynarina,,ac1f96b4-db89-46a3-b35c-d5481f076e59,
Reef Cloud,3295,Cyanobacteria,Cyanobacteria,CYANOBACTERIA,Cyanobacteria,,3218e7ea-8827-4262-96a1-104e5ec50ffc,
Reef Cloud,3296,Cycloseris,Cycloseris,HARD CORAL,Cycloseris,,bc8952f9-39d8-47f5-87a1-7c2fb324e665,
Reef Cloud,3297,Cymodocea,Cymodocea,SEAGRASS,Cymodocea,,7df8e4fc-0e67-4576-a53a-f442a2695901,
Reef Cloud,3621,Cymodocea rotundata,Cymodocea rotundata,SEAGRASS,Cymodocea rotundata,,6ac200f2-9f42-4d40-a789-95b63a84de69,
Reef Cloud,3299,Cymodoceaceae,Cymodoceaceae,SEAGRASS,Cymodoceaceae,,ec76196c-028c-41d5-bfc7-2998b8627a65,
Reef Cloud,3300,Cynarina,Cynarina,HARD CORAL,Cynarina,,ac1f96b4-db89-46a3-b35c-d5481f076e59,
Reef Cloud,3301,Cyphastrea,Cyphastrea,HARD CORAL,Cyphastrea,,88d79d42-3fef-48ab-887e-dae60ae9072a,
Reef Cloud,3302,Cystoseira,Cystoseira,MACROALGAE,Cystoseira,,8b9ca287-f97d-47f9-b2cf-79bbe1a73053,
Reef Cloud,3303,Danafungia,Danafungia,HARD CORAL,Danafungia,,5b81ac21-a261-41f1-9aab-b661a8f4d979,
Reef Cloud,3304,Dead coral,Dead coral,HARD SUBSTRATE,Dead coral,,abde283f-5dd4-4a67-bc0b-e7403ad9c517,
Reef Cloud,3305,Dendrogyra cylindrus,Dendrogyra cylindrus,HARD CORAL,Dendrogyra cylindrus,,ec59b5b8-479e-403c-b1cf-e24e36c86fdf,
Reef Cloud,3306,Dendronephthya,Dendronephthya,SOFT CORAL,Dendronephthya,,48dae7c4-7e72-45b3-af8b-97da46f3dd5a,
Reef Cloud,3307,Dendrophyllia,Dendrophyllia,HARD CORAL,Dendrophyllia,,50f9542f-7ffb-4917-9ef0-457b9111db66,
Reef Cloud,3308,Dendrophylliidae,Dendrophylliidae,HARD CORAL,Dendrophylliidae,,ecc83aed-4cc2-4aa8-9efd-8570d10343c2,
Reef Cloud,3309,Derbesia,Derbesia,MACROALGAE,Derbesia,,ac047ce6-29d8-4449-b12c-73596dbe12cf,
Reef Cloud,3310,Diadema,Diadema,OTHER INVERTEBRATES,Diadema,,264a6ce2-0276-4921-83a9-9d9e39ca06ae,
Reef Cloud,3311,Diadema antillarum,Diadema antillarum,OTHER INVERTEBRATES,Diadema antillarum,,2ac051dc-67a5-4bda-892b-a137bbb15310,
Reef Cloud,3312,Diadema setosum,Diadema setosum,OTHER INVERTEBRATES,Diadema setosum,,fd22abef-81b2-45a7-8b01-4a15b7d654db,
Reef Cloud,3315,Dichocoenia stokesii,Dichocoenia stokesii,HARD CORAL,Dichocoenia stokesii,,a2935afb-895a-44b8-8f94-c83a14f8f110,
Reef Cloud,3316,Dictyosphaeria,Dictyosphaeria,MACROALGAE,Dictyosphaeria,,c765d8f0-4641-408b-88d6-f4143ddc35db,
Reef Cloud,3317,Dictyota,Dictyota,MACROALGAE,Dictyota,,987019bd-142e-4333-993a-a820030360a9,
Reef Cloud,3318,Didemnum molle,Didemnum molle,SESSILE INVERTEBRATES,Didemnum molle,,ff9296fb-21d8-46ee-b922-6ccd94a964d8,
Reef Cloud,3320,Diploastraeidae,Diploastraeidae,HARD CORAL,Diploastraeidae,,2ddb0978-8a21-497a-b9ea-9835f27b5a02,
Reef Cloud,3319,Diploastrea,Diploastrea,HARD CORAL,Diploastrea,,dcbcb1cf-af35-4755-8023-6d1b6f4fd8cf,
Reef Cloud,3321,Diploria,Diploria,HARD CORAL,Diploria,,4e17ca21-b9bd-4d32-8a44-59856b89c38f,
Reef Cloud,3322,Diploria labyrinthiformis,Diploria labyrinthiformis,HARD CORAL,Diploria labyrinthiformis,,194a4c71-0bc7-4f4d-9890-77a1487531a8,
Reef Cloud,3323,Dipsastraea,Dipsastraea,HARD CORAL,Dipsastraea,,d41cc126-63b8-4fa7-88d6-9b9b7648ba80,
Reef Cloud,3622,Discosoma,Discosoma,SESSILE INVERTEBRATES,Discosoma,,0e051baa-9822-49a1-abe3-e07fba02c90c,
Reef Cloud,3324,Distichopora,Distichopora,SESSILE INVERTEBRATES,Distichopora,,3c547e25-24ad-4d72-8cdf-b9d29e2d0cf5,
Reef Cloud,3325,Duncanopsammia,Duncanopsammia,HARD CORAL,Duncanopsammia,,c3ecc4fe-071c-42e9-be15-6ddd73bd7e05,
Reef Cloud,3623,Dysidea,Dysidea,SESSILE INVERTEBRATES,Dysidea,,4f390938-8179-4ca2-9024-9d22983bca09,
Reef Cloud,3546,Echinoidea (Sea urchins),Echinoidea (Sea urchins),OTHER INVERTEBRATES,Sea urchin,,f7980725-60b3-47c9-abd2-0a006ea30061,
Reef Cloud,3326,Echinomorpha,Echinomorpha,HARD CORAL,Echinomorpha,,61638a47-016c-493e-bbe3-76039e74b94d,
Reef Cloud,3327,Echinophyllia,Echinophyllia,HARD CORAL,Echinophyllia,,4111c390-2319-4f7a-a65c-76e9e37c8a45,
Reef Cloud,3328,Echinopora,Echinopora,HARD CORAL,Echinopora,,c1e97c98-de9f-4b05-963f-0276784fca2d,
Reef Cloud,3329,Echinothrix,Echinothrix,OTHER INVERTEBRATES,Echinothrix,,152fe185-edf5-43b1-968c-502fcb289367,
Reef Cloud,3330,Ectyoplasia ferox,Ectyoplasia ferox,SPONGE,Ectyoplasia ferox,,c1c7592d-13f5-445e-a3c9-85272e77cc44,
Reef Cloud,3331,Ellisella,Ellisella,SOFT CORAL,Ellisella,,26e163f4-fae8-4752-8e8d-cc316e80a901,
Reef Cloud,3332,Ellisellidae,Ellisellidae,SOFT CORAL,Ellisellidae,,59e68be9-1c2f-40df-a5fe-2a27722f2b4b,
Reef Cloud,3624,Enhalus acoroides,Enhalus acoroides,SEAGRASS,Enhalus acoroides,,2e017889-154b-4ac4-993c-824fb60ba8f8,
Reef Cloud,3287,Erect Coralline algae,Geniculate and Branching Coralline algae,MACROALGAE,Macroalgae,,09226989-50e7-4c40-bd36-5bcef32ee7a1,
Reef Cloud,3335,Erythropodium caribaeorum,Erythropodium caribaeorum,SOFT CORAL,Erythropodium caribaeorum,,15795086-4e69-4383-b5ca-765c8ef858c0,
Reef Cloud,3336,Eucheuma,Eucheuma,MACROALGAE,Eucheuma,,3f6add3a-64b7-4ff5-9dee-5f50f9f33abe,
Reef Cloud,3337,Euphyllia,Euphyllia,HARD CORAL,Euphyllia,,8b706c7f-fcf7-4d03-b271-58a06d77fbb4,
Reef Cloud,3338,Euphylliidae,Euphylliidae,HARD CORAL,Euphylliidae,,cd63c27d-8444-44cc-bf2e-9931c04a2361,
Reef Cloud,3339,Eusmilia fastigiata,Eusmilia fastigiata,HARD CORAL,Eusmilia fastigiata,,83020a4c-fda8-45aa-9ec5-e886c5b18f3e,
Reef Cloud,3340,Favia,Favia,HARD CORAL,Favia,,656169f6-2344-423c-845d-9d4c1d14d69d,
Reef Cloud,3341,Favia fragum,Favia fragum,HARD CORAL,Favia fragum,,ac80a65f-d18b-4066-8162-2f3624f40e90,
Reef Cloud,3342,Faviidae,Faviidae,HARD CORAL,Faviidae,,132ae52b-0cc6-4877-93ca-becbc612ea64,
Reef Cloud,3343,Favites,Favites,HARD CORAL,Favites,,6d63693c-592d-4da5-88d8-7125832cbd76,
Reef Cloud,3344,Fimbriaphyllia,Fimbriaphyllia,HARD CORAL,Fimbriaphyllia,,fbb29576-40b8-4f9a-ae6f-d6827896cc7e,
Reef Cloud,3345,Fungia,Fungia,HARD CORAL,Fungia,,c3807ef9-6a47-429f-a63b-fe5e131e1316,
Reef Cloud,3346,Fungiidae,Fungiidae,HARD CORAL,Fungiidae,,2085b131-1ed4-4b5b-9129-fb655a7659bd,
Reef Cloud,3347,Galaxaura,Galaxaura,MACROALGAE,Galaxaura,,ea24a5b8-a64a-4ee2-8eeb-4afd2254db86,
Reef Cloud,3348,Galaxea,Galaxea,HARD CORAL,Galaxea,,c91dee81-7cb4-410b-bfce-52d98b67732f,
Reef Cloud,3349,Galaxea astreata,Galaxea astreata,HARD CORAL,Galaxea astreata,,7546af6d-add6-47ff-a49a-6b9c6eb7694e,
Reef Cloud,3350,Galaxea fascicularis,Galaxea fascicularis,HARD CORAL,Galaxea fascicularis,,ed69cfb2-51f1-4e58-943f-868c86144f8f,
Reef Cloud,3351,Gardineroseris,Gardineroseris,HARD CORAL,Gardineroseris,,04b943e8-610c-4158-b4c3-9dd884ab9376,
Reef Cloud,3352,Gelidiella,Gelidiella,MACROALGAE,Gelidiella,,5219f5e0-2e40-4859-b8cb-c931b827e86f,
Reef Cloud,3354,Gelidium,Gelidium,MACROALGAE,Gelidium,,817707dc-c561-462e-99fb-aa7f0830f39d,
Reef Cloud,3355,Goniastrea,Goniastrea,HARD CORAL,Goniastrea,,edbc586e-8499-4d31-9025-d15f2648f1fb,
Reef Cloud,3356,Goniopora,Goniopora,HARD CORAL,Goniopora,,5f926f95-6cb8-46a5-9ff4-6777d33964e0,
Reef Cloud,3357,Gorgonian (Sea fan),Gorgonian (Sea fan),SOFT CORAL,Gorgonian,,3aa2e125-3f74-4f91-94f6-fd030319f2b1,
Reef Cloud,3358,Gracilaria,Gracilaria,MACROALGAE,Gracilaria,,3dbc6410-9e27-44df-83e6-2f859c1dd362,
Reef Cloud,3359,Gyrosmilia,Gyrosmilia,HARD CORAL,Gyrosmilia,,9836333c-87d8-4f26-9784-91075e6ceeb5,
Reef Cloud,3360,Halimeda,Halimeda,MACROALGAE,Halimeda,,51558178-d2da-44ed-905b-db6976f6aa76,
Reef Cloud,3361,Halodule,Halodule,SEAGRASS,Halodule,,73e1a0fe-852b-4e50-85c9-ea44e166a033,
Reef Cloud,3362,Halodule uninervis,Halodule uninervis,SEAGRASS,Halodule uninervis,,e64329fd-a77f-4a4c-9a3f-2e4890b92cf3,
Reef Cloud,3363,Halodule wrightii,Halodule wrightii,SEAGRASS,Halodule wrightii,,f6f6d632-4bdf-4755-97a6-b2cb3d2d69f8,
Reef Cloud,3364,Halomitra,Halomitra,HARD CORAL,Halomitra,,a4563b4f-d70c-461e-aa92-9c92beb89294,
Reef Cloud,3365,Halophila,Halophila,SEAGRASS,Halophila,,01d8297a-1d37-4ccf-bea5-dea733b1f575,
Reef Cloud,3366,Halophila decipiens,Halophila decipiens,SEAGRASS,Halophila decipiens,,8eab3df5-e8e4-40d8-86a9-7ca8b5065e20,
Reef Cloud,3625,Halophila minor,Halophila minor,SEAGRASS,Halophila minor,,d367e2b2-b4b3-4b2e-8663-99a35d8d3f96,
Reef Cloud,3367,Halophila ovalis,Halophila ovalis,SEAGRASS,Halophila ovalis,,0d86f624-3479-4636-a93a-ae390187ff02,
Reef Cloud,3368,Halophila stipulacea,Halophila stipulacea,SEAGRASS,Halophila stipulacea,,fcf0ddd7-2b6b-4863-b1c8-9bb0ec8277c5,
Reef Cloud,3369,Halymenia,Halymenia,MACROALGAE,Halymenia,,f9c8f05d-ec7a-4945-a807-6d2ab9bed7c3,
Reef Cloud,3370,Hard coral,Scleractinian coral,HARD CORAL,Hard coral,,350e9eb4-5e6b-48f5-aeb8-0bfdf023bf1c,
Reef Cloud,3371,Hard substrate,"Bare hard substrate, recently dead coral or reef matrix",HARD SUBSTRATE,Bare substrate,,d9086647-3a82-4634-97bc-6e10347af39b,
Reef Cloud,3372,Heliofungia,Heliofungia,HARD CORAL,Heliofungia,,7c8c69db-30df-40c7-a9ac-9aae24464382,
Reef Cloud,3373,Heliopora,Heliopora,SOFT CORAL,Heliopora,,0f18ea18-0e25-42e8-bb96-f4be5f144075,
Reef Cloud,3374,Helioporidae,Helioporidae,SOFT CORAL,Helioporidae,,98968768-610e-424a-bf5e-65f4005e9155,
Reef Cloud,3375,Helioseris cucullata,Helioseris cucullata,HARD CORAL,Helioseris cucullata,,58c5b3fa-7afc-4f20-8f9e-18e6aa14aeb5,
Reef Cloud,3376,Herpolitha,Herpolitha,HARD CORAL,Herpolitha,,c98530b4-80a0-4b3a-9d69-f30f8181aab3,
Reef Cloud,3377,Heteractis,Heteractis,OTHER INVERTEBRATES,Heteractis,,64990c44-fa62-4229-8d4c-f1a0f93b6830,
Reef Cloud,3378,Heterocyathus,Heterocyathus,HARD CORAL,Heterocyathus,,dfa09fd6-cb96-42f7-b832-ec7d0bed5bab,
Reef Cloud,3379,Heteropsammia,Heteropsammia,HARD CORAL,Heteropsammia,,4dac8586-07e4-417e-80f1-79f5f6cf62e3,
Reef Cloud,3545,Holothuroidea (Sea cucumbers),Holothuroidea (Sea cucumbers),OTHER INVERTEBRATES,Sea cucumber,,702a838d-aebd-4547-bc07-e161c3262cbc,
Reef Cloud,3380,Homophyllia,Homophyllia,HARD CORAL,Homophyllia,,73e14096-879a-48b5-b4bd-f06378edd64e,
Reef Cloud,3381,Horastrea,Horastrea,HARD CORAL,Horastrea,,c41152a8-a14b-469a-a3c3-efd23755895b,
Reef Cloud,3382,Hydnophora,Hydnophora,HARD CORAL,Hydnophora,,af6c43fd-0f41-4103-8ad5-8d1191bd4c9f,
Reef Cloud,3383,Hydnophyllia,Hydnophyllia,HARD CORAL,Hydnophyllia,,c29106ed-e055-4dc9-93fb-cb129b134018,
Reef Cloud,3384,Hydrocharitaceae,Hydrocharitaceae,SEAGRASS,Hydrocharitaceae,,c9c20002-a7fd-4746-8d6e-6d5790ecd6b2,
Reef Cloud,3385,Hydroclathrus,Hydroclathrus,MACROALGAE,Hydroclathrus,,32602f4d-fa6e-46d8-ab45-f3f25b431e87,
Reef Cloud,3386,Hydroid,Hydroid,SESSILE INVERTEBRATES,Hydroid,,e58eb448-5c03-4c1d-a7fc-f5c1ef379c77,
Reef Cloud,3387,Hypnea,Hypnea,MACROALGAE,Hypnea,,ec8b8237-d03f-4373-a92b-3c0cfc903711,
Reef Cloud,3388,Hypoglossum,Hypoglossum,MACROALGAE,Hypoglossum,,0682d950-18fb-4244-a136-ddd2295dba39,
Reef Cloud,3389,Indeterminate,Indeterminate,OTHER,Unknown,,b72e02c1-eab3-4781-9eb4-d191bb84e5c7,
Reef Cloud,3392,Iotrochota,Iotrochota,SPONGE,Iotrochota,,a52a29d8-5569-48d0-bc3d-fbad447ea6d6,
Reef Cloud,3393,Ircinia,Ircinia,SPONGE,Ircinia,,43471c27-e415-4559-913f-6d3c3d50e199,
Reef Cloud,3394,Ircinia felix,Ircinia felix,SPONGE,Ircinia felix,,887418b7-853c-4e9a-b3c7-8c2dce922db1,
Reef Cloud,3395,Ircinia strobilina,Ircinia strobilina,SPONGE,Ircinia strobilina,,1960cc55-c507-41c8-9119-f87b07776a31,
Reef Cloud,3396,Isididae,Isididae,SOFT CORAL,Isididae,,c0edb46c-41dd-4d24-b1a1-855c1d3ad7d2,
Reef Cloud,3397,Isis,Isis,SOFT CORAL,Isis,,aa497596-565e-4e88-abc8-2ef2df202437,
Reef Cloud,3398,Isophyllia,Isophyllia,HARD CORAL,Isophyllia,,f61f5b01-9ebd-4f05-9e31-7d14d6fdff49,
Reef Cloud,3399,Isophyllia rigida,Isophyllia rigida,HARD CORAL,Isophyllia rigida,,dfed579c-b5d0-41a9-bfc1-e2dbbd94eb7e,
Reef Cloud,3400,Isophyllia sinuosa,Isophyllia sinuosa,HARD CORAL,Isophyllia sinuosa,,70635707-407e-4348-b685-3e44f121875f,
Reef Cloud,3401,Isopora,Isopora,HARD CORAL,Isopora,,8672775c-9167-42bd-b885-f1807f9ac9a4,
Reef Cloud,3402,Jania,Jania,MACROALGAE,Jania,,788e1ca9-72ee-4872-9b79-a885e1a59c67,
Reef Cloud,3403,Junceella,Junceella,SOFT CORAL,Junceella,,e276165d-a218-4c4c-bed5-31e37350beee,
Reef Cloud,3404,Laurencia,Laurencia,MACROALGAE,Laurencia,,2db1ed39-900e-4ca6-b34d-f681948ee1b4,
Reef Cloud,3405,Leptastrea,Leptastrea,HARD CORAL,Leptastrea,,70407def-b048-49d4-9a43-3eb0021f7b68,
Reef Cloud,3406,Leptoria,Leptoria,HARD CORAL,Leptoria,,23a1cb26-5cff-49fe-923d-cecd75de7547,
Reef Cloud,3407,Leptoseris,Leptoseris,HARD CORAL,Leptoseris,,8da49adb-eb3c-4486-a538-42114813b58e,
Reef Cloud,3408,Liagora,Liagora,MACROALGAE,Liagora,,4dcad109-18e3-4c91-a560-eb0bf34faccc,
Reef Cloud,3409,Linckia laevigata,Linckia laevigata,OTHER INVERTEBRATES,Linckia laevigata,,c0fe283f-d9ec-42ca-957c-70df3aaa107c,
Reef Cloud,3410,Lithophyllon,Lithophyllon,HARD CORAL,Lithophyllon,,2f4f8832-79bd-4127-8ef6-d7e3edd5c9f9,
Reef Cloud,16493,Lithothamnion,Lithothamnion,CRUSTOSE CORALLINE ALGAE,Lithothamnion,,fde41922-a01f-462a-980b-fd9912274a0e,
Reef Cloud,3459,Litophyton,Litophyton,SOFT CORAL,Litophyton,,9b43d8fc-3f0f-4215-b643-0d48916d5b2d,
Reef Cloud,3411,Lobactis,Lobactis,HARD CORAL,Lobactis,,6d6234bf-5b9c-4cd8-b0e5-c8ea767f619c,
Reef Cloud,3412,Lobophora,Lobophora,MACROALGAE,Lobophora,,d63b491c-adc7-4869-aa6c-6c2a784830d5,
Reef Cloud,3413,Lobophyllia,Lobophyllia,HARD CORAL,Lobophyllia,,e3ea5520-1e7f-41c6-a141-6c27327b56a1,
Reef Cloud,3414,Lobophylliidae,Lobophylliidae,HARD CORAL,Lobophylliidae,,a24fd27f-7577-4c46-a5fc-68aa3a1bae56,
Reef Cloud,3415,Lobophytum,Lobophytum,SOFT CORAL,Lobophytum,,d68c54e3-1499-4987-9b31-716a90d4901a,
Reef Cloud,3416,Lyngbya,Lyngbya,CYANOBACTERIA,Lyngbya,,26c3118a-1908-44b9-91d5-5f5a1d28cbb1,
Reef Cloud,3417,Macroalgae,Macroalgae,MACROALGAE,Macroalgae,,09226989-50e7-4c40-bd36-5bcef32ee7a1,
Reef Cloud,3418,Madracis,Madracis,HARD CORAL,Madracis,,223860e9-b7b5-412c-bcab-0f16d43928fb,
Reef Cloud,3419,Madracis auretenra (mirabilis),Madracis auretenra (mirabilis),HARD CORAL,Madracis auretenra,,9fc8164a-a7b9-43d4-bf2e-74e2f8a14d66,
Reef Cloud,3420,Madracis decactis,Madracis decactis,HARD CORAL,Madracis decactis,,62b87704-ca62-415d-a340-48764e8b6c69,
Reef Cloud,3421,Madracis formosa,Madracis formosa,HARD CORAL,Madracis formosa,,58e425be-7112-4dfb-8568-25806aaf2f4f,
Reef Cloud,3422,Madracis pharensis,Madracis pharensis,HARD CORAL,Madracis pharensis,,53c61b6c-68c0-46fe-bfae-e77e6f12d7af,
Reef Cloud,16494,Madracis senaria,Madracis senaria,HARD CORAL,Madracis senaria,,60f9b62d-0cb0-47dd-9551-3929af847cb7,
Reef Cloud,3423,Manicina areolata,Manicina areolata,HARD CORAL,Manicina areolata,,ea0721ea-3c12-42bf-970b-a364016bb5df,
Reef Cloud,3424,Martensia,Martensia,MACROALGAE,Martensia,,dc001102-e0ee-4807-bdc7-ce8d18232d0e,
Reef Cloud,3626,Mastophora,Mastophora,MACROALGAE,Mastophora,,a682d56f-1088-42cc-9e8b-f35362727987,
Reef Cloud,3425,Meandrina,Meandrina,HARD CORAL,Meandrina,,af037a13-6f51-4f9a-a237-58326098c94f,
Reef Cloud,16495,Meandrina danai,Meandrina danai,HARD CORAL,Meandrina danai,,bac2a571-c410-4501-9aac-34a5332ee286,
Reef Cloud,3426,Meandrina jacksoni,Meandrina jacksoni,HARD CORAL,Meandrina jacksoni,,abc83e25-a84f-4660-827f-e40efc38d01f,
Reef Cloud,3427,Meandrina meandrites,Meandrina meandrites,HARD CORAL,Meandrina meandrites,,330fdf21-d50d-4e03-9421-57a66d892d0a,
Reef Cloud,3428,Meandrinidae,Meandrinidae,HARD CORAL,Meandrinidae,,de352349-e792-43a2-808f-0fc4f501783d,
Reef Cloud,3429,Melithaea,Melithaea,SOFT CORAL,Melithaea,,5d60ce76-90be-4f41-bdca-75705bf43f31,
Reef Cloud,3430,Merulina,Merulina,HARD CORAL,Merulina,,cdee93cc-5434-460e-b1e8-78b4164ab266,
Reef Cloud,3431,Merulinidae,Merulinidae,HARD CORAL,Merulinidae,,469174fe-ca4b-40e3-839f-435bd1b14989,
Reef Cloud,16491,Mesophyllum,Mesophyllum,CRUSTOSE CORALLINE ALGAE,Mesophyllum,,ea1be4a2-28c5-4f3f-a7fc-e3598c5114ac,
Reef Cloud,3432,Microbial mats,Microbial mats,CYANOBACTERIA,Microbial mats,,6dfd0b33-db5f-433c-81ce-a625bc923c50,
Reef Cloud,3433,Microdictyon,Microdictyon,MACROALGAE,Microdictyon,,68884c5d-d3d1-4a35-ab5a-4e98e5591d41,
Reef Cloud,3434,Micromussa,Micromussa,HARD CORAL,Micromussa,,25247569-2f0f-438d-8b69-c62ee31150de,
Reef Cloud,3435,Millepora,Millepora,SESSILE INVERTEBRATES,Millepora,,995f68d0-2dec-4e22-916a-cf1f44c1663b,
Reef Cloud,3436,Millepora alcicornis,Millepora alcicornis,SESSILE INVERTEBRATES,Millepora alcicornis,,4c173e5b-b34a-4b9d-8fea-9f598673fa33,
Reef Cloud,3437,Millepora complanata,Millepora complanata,SESSILE INVERTEBRATES,Millepora complanata,,16287ac3-a2c5-4d10-ad2d-eae00c4cc148,
Reef Cloud,3438,Millepora squarrosa,Millepora squarrosa,SESSILE INVERTEBRATES,Millepora squarrosa,,9a23a972-cefa-4827-9636-41f8e5a73b77,
Reef Cloud,3439,Millepora striata,Millepora striata,SESSILE INVERTEBRATES,Millepora striata,,debeddf2-6aaf-42f0-a506-535998922712,
Reef Cloud,3440,Milleporidae,Milleporidae,SESSILE INVERTEBRATES,Milleporidae,,b43bd5eb-e933-4a93-b054-9abc3082de65,
Reef Cloud,3443,Montastraea,Montastraea,HARD CORAL,Montastraea,,e2a62f32-1424-44fa-ba52-fbdd4e9ee6f0,
Reef Cloud,3441,Montastraea cavernosa,Montastraea cavernosa,HARD CORAL,Montastraea cavernosa,,e8edb2ee-0fc3-445d-8617-b660313c9606,
Reef Cloud,3442,Montastraeidae,Montastraeidae,HARD CORAL,Montastraeidae,,0e0f55db-d15a-479e-9a9f-cbea6046ae7c,
Reef Cloud,3444,Montigyra,Montigyra,HARD CORAL,Montigyra,,db19681c-7729-4405-b3c0-7f0fd0db86ef,
Reef Cloud,3445,Montipora,Montipora,HARD CORAL,Montipora,,4acaa53b-7ec9-4abd-bb4a-1d96b6224c0d,
Reef Cloud,3446,Moseleya,Moseleya,HARD CORAL,Moseleya,,abbc2eed-fa22-434b-a13c-7c2929c3da09,
Reef Cloud,16496,Mud,Mud,SOFT SEDIMENT,Bare substrate,,d9086647-3a82-4634-97bc-6e10347af39b,
Reef Cloud,3447,Mussa angulosa,Mussa angulosa,HARD CORAL,Mussa angulosa,,02160430-8036-41fb-89b3-cf89782c0e3e,
Reef Cloud,3449,Mycedium,Mycedium,HARD CORAL,Mycedium,,f6f3b5cf-7bc6-483a-8ef7-0c41a6672be2,
Reef Cloud,3450,Mycetophyllia,Mycetophyllia,HARD CORAL,Mycetophyllia,,d6d74742-d8ed-4954-b164-fc6607c3efa9,
Reef Cloud,3451,Mycetophyllia aliciae,Mycetophyllia aliciae,HARD CORAL,Mycetophyllia aliciae,,3e7dec2f-33a4-4087-9e8e-c8a3fc987669,
Reef Cloud,3452,Mycetophyllia danaana,Mycetophyllia danaana,HARD CORAL,Mycetophyllia danaana,,325f003f-90f0-4961-9b4a-86a875ee2a7f,
Reef Cloud,3453,Mycetophyllia ferox,Mycetophyllia ferox,HARD CORAL,Mycetophyllia ferox,,17131731-e6c8-431e-9a55-8cc438ec5a23,
Reef Cloud,3454,Mycetophyllia lamarckiana,Mycetophyllia lamarckiana,HARD CORAL,Mycetophyllia lamarckiana,,fad9ba75-a2b0-44ad-bc67-67b5ade6ad76,
Reef Cloud,3455,Nemenzophyllia,Nemenzophyllia,HARD CORAL,Nemenzophyllia,,d2b07639-38c2-4258-9f63-290ec7e5f836,
Reef Cloud,16490,Neogoniolithon,Neogoniolithon,CRUSTOSE CORALLINE ALGAE,Neogoniolithon,,69087fd1-6447-491c-a4e0-d89eb133925c,
Reef Cloud,3456,Neomeris,Neomeris,MACROALGAE,Neomeris,,436b15f7-c235-4124-8eef-4aa2e25f2c4d,
Reef Cloud,3457,Neopetrosia carbonaria,Neopetrosia carbonaria,SPONGE,Neopetrosia carbonaria,,046707b4-bae6-4a5d-8452-86fbf4c1120a,
Reef Cloud,3458,Nephtheidae,Nephtheidae,SOFT CORAL,Nephtheidae,,d1d7eb33-cc43-433f-9ca7-8fbe50a63277,
Reef Cloud,3460,Niphates,Niphates,SPONGE,Niphates,,84bc2ed1-9309-4b83-b275-f6a55ffc3e47,
Reef Cloud,3461,Niphates digitalis,Niphates digitalis,SPONGE,Niphates digitalis,,a6c64eb7-4b0c-4fd0-9587-8326dde5780a,
Reef Cloud,3462,Niphates erecta,Niphates erecta,SPONGE,Niphates erecta,,0b16aa3e-34e6-4072-a2b2-ed1c4739d38b,
Reef Cloud,3464,Nudibranch,Nudibranch,OTHER INVERTEBRATES,Nudibranch,,48e9cd85-5bb3-4213-a2b4-35715dc285b2,
Reef Cloud,3298,Oceana serrulata,Oceana serrulata,SEAGRASS,Oceana serrulata,,1d7b22d3-598e-48ad-ac94-64000eb90ed2,
Reef Cloud,3225,Octocorallia,Octocorallia,SOFT CORAL,Octocorallia,,7ce46715-080a-465e-94c1-17a51bcd49f0,
Reef Cloud,3465,Oculina,Oculina,HARD CORAL,Oculina,,147fe69c-4e2c-42f5-81fd-dde608c9ac27,
Reef Cloud,3466,Oculina diffusa,Oculina diffusa,HARD CORAL,Oculina diffusa,,0fac3d4d-a919-40e3-8bb6-da65c4ff7b67,
Reef Cloud,3467,Oculina varicosa,Oculina varicosa,HARD CORAL,Oculina varicosa,,d921c84e-4672-4cb0-97ec-3132f44a096a,
Reef Cloud,3468,Oculinidae,Oculinidae,HARD CORAL,Oculinidae,,ab6d461a-6004-4675-8d42-cf63f405c7eb,
Reef Cloud,3469,Orbicella,Orbicella,HARD CORAL,Orbicella,,1583ffd5-f3a1-4346-ab3c-ada28292b22d,
Reef Cloud,3470,Orbicella annularis,Orbicella annularis,HARD CORAL,Orbicella annularis,,9be51ec6-7400-46c7-bdfe-c56eac991cb7,
Reef Cloud,3471,Orbicella faveolata,Orbicella faveolata,HARD CORAL,Orbicella faveolata,,3f7a3174-94b4-4e50-b4d6-f80724bd0983,
Reef Cloud,3472,Orbicella franksi,Orbicella franksi,HARD CORAL,Orbicella franksi,,28373b18-98da-4ffe-b482-c0b1b5d4e82c,
Reef Cloud,3473,Other,Other,OTHER,Other,,31c5af16-30d7-4966-97f4-01889a5cf973,
Reef Cloud,3474,Other invertebrates,Other invertebrates,OTHER INVERTEBRATES,Other invertebrates,,3dc38d25-ed80-4049-af16-e85f04f97cc6,
Reef Cloud,3475,Oulastrea,Oulastrea,HARD CORAL,Oulastrea,,ed845b8e-4be9-4cb3-8ace-fcb7410a5381,
Reef Cloud,3476,Oulophyllia,Oulophyllia,HARD CORAL,Oulophyllia,,190d2f0d-67be-48a3-8ea0-33e66546f3f7,
Reef Cloud,3477,Oxypora,Oxypora,HARD CORAL,Oxypora,,e450c3c2-f3ca-4b81-9b99-aa1928aee1bb,
Reef Cloud,3478,Pachyseris,Pachyseris,HARD CORAL,Pachyseris,,4d493a0d-6c7e-4f5f-8a71-06bac94a8c53,
Reef Cloud,3479,Padina,Padina,MACROALGAE,Padina,,053de64e-a2b9-40b6-b566-cf3a5e95e267,
Reef Cloud,3480,Palauastrea,Palauastrea,HARD CORAL,Palauastrea,,e981cbce-fbb3-4fe0-851b-5e24b16bba3e,
Reef Cloud,3481,Palisada,Palisada,MACROALGAE,Palisada,,04a8165f-c936-49fd-b668-749cea28b9e3,
Reef Cloud,3482,Palythoa caribaeorum,Palythoa caribaeorum,SESSILE INVERTEBRATES,Palythoa caribaeorum,,3914203f-f285-4fa8-8df3-4ffc91444c01,
Reef Cloud,3483,Palythoa tuberculosa,Palythoa tuberculosa,SESSILE INVERTEBRATES,Palythoa tuberculosa,,2706aa19-959e-4672-ab44-51427904537a,
Reef Cloud,3485,Paragoniastrea,Paragoniastrea,HARD CORAL,Paragoniastrea,,c1e63c58-ed01-4934-ac1c-e7282ea73c85,
Reef Cloud,3486,Paramontastraea,Paramontastraea,HARD CORAL,Paramontastraea,,b4566ebe-b395-437b-9703-f693ae4e2582,
Reef Cloud,3488,Pavona,Pavona,HARD CORAL,Pavona,,108ff93e-9191-42bf-b502-3a437407b22a,
Reef Cloud,3489,Pectinia,Pectinia,HARD CORAL,Pectinia,,602dc038-8e99-4c55-85e4-f3141ddc0041,
Reef Cloud,3491,Penicillus,Penicillus,MACROALGAE,Penicillus,,62731214-41d2-4db6-af05-e76305a0b8ef,
Reef Cloud,3492,Peyssonnelid Algal Crust (PAC),Peyssonnelid Algal Crust (PAC),MACROALGAE,Peyssonnelid algae,,7d84ea57-8116-4eba-a39e-5f086b5370db,
Reef Cloud,3493,Phaeophyceae (Brown algae),Phaeophyceae (Brown algae),MACROALGAE,Phaeophyceae,,b1b917a4-df2c-4394-8aa1-e9b480b77cc4,
Reef Cloud,3494,Physogyra,Physogyra,HARD CORAL,Physogyra,,2b1e2403-6391-4017-9044-0f00a7cb9068,
Reef Cloud,3495,Physophyllia,Physophyllia,HARD CORAL,Physophyllia,,22f32d2c-84a8-4b15-85ac-ab43952a317a,
Reef Cloud,3496,Pinctada margaritifera,Pinctada margaritifera,OTHER INVERTEBRATES,Pinctada margaritifera,,c8cd0838-8476-4bf1-8d0a-213328ff4aec,
Reef Cloud,3497,Pinna,Pinna,OTHER INVERTEBRATES,Pinna,,1a5555f5-972c-4565-9fa6-156a113ee123,
Reef Cloud,3498,Platygyra,Platygyra,HARD CORAL,Platygyra,,9cd8176f-b5b4-474e-87bc-f2744338fe00,
Reef Cloud,3499,Plerogyra,Plerogyra,HARD CORAL,Plerogyra,,eaebab16-9d01-4723-b120-6239314826ab,
Reef Cloud,260892,Plerogyridae,Plerogyridae,HARD CORAL,Plerogyra,,eaebab16-9d01-4723-b120-6239314826ab,
Reef Cloud,3500,Plesiastrea,Plesiastrea,HARD CORAL,Plesiastrea,,5ab3e132-8c64-4e65-8a5e-25d92f284331,
Reef Cloud,3501,Pleuractis,Pleuractis,HARD CORAL,Pleuractis,,31f1f9fc-55ef-4041-b1e4-18763794dd97,
Reef Cloud,3502,Pocillopora,Pocillopora,HARD CORAL,Pocillopora,,da1dfe78-f982-4b09-81ae-b38d328bd85e,
Reef Cloud,3503,Pocillopora damicornis,Pocillopora damicornis,HARD CORAL,Pocillopora damicornis,,b401b526-6d2f-4f6a-8cc1-10051e0623ff,
Reef Cloud,3504,Pocillopora grandis,Pocillopora grandis,HARD CORAL,Pocillopora grandis,,52c54acc-cde4-444c-8ba3-1b2c8c6ab17f,
Reef Cloud,3505,Pocilloporidae,Pocilloporidae,HARD CORAL,Pocilloporidae,,6580c490-3a3c-4969-b91f-18d7edd82074,
Reef Cloud,3506,Podabacia,Podabacia,HARD CORAL,Podabacia,,a89f2635-41fe-4d2f-ae67-880a5707340e,
Reef Cloud,3507,Polyphyllia,Polyphyllia,HARD CORAL,Polyphyllia,,ee3b17dd-36f3-4a99-bc2d-a95f5d39bac1,
Reef Cloud,3563,Porifera (Sponges),Porifera (Sponges),SPONGE,Porifera,,50a5d5d0-1afe-4e48-ab35-3adec6a30f0d,
Reef Cloud,3508,Porites,Porites,HARD CORAL,Porites,,2b55697f-f26e-433e-9070-f1fe9748bf7b,
Reef Cloud,3509,Porites astreoides,Porites astreoides,HARD CORAL,Porites astreoides,,e288a94f-7117-4a54-9558-7d71144ccdc1,
Reef Cloud,3510,Porites cf. branneri,Porites cf. branneri,HARD CORAL,Porites branneri,,1f590289-ca7e-46a6-b59a-765fb7e980dd,
Reef Cloud,3629,Porites compressa,Porites compressa,HARD CORAL,Porites compressa,,05b8e85d-89ca-48dc-8ec9-2214d9103909,
Reef Cloud,3511,Porites divaricata,Porites divaricata,HARD CORAL,Porites divaricata,,b09cfc80-dd4e-421e-a8ff-c456752f6dc2,
Reef Cloud,3512,Porites furcata,Porites furcata,HARD CORAL,Porites furcata,,dcb64e93-80b1-4e60-a2ec-07489d0cd839,
Reef Cloud,3513,Porites porites,Porites porites,HARD CORAL,Porites porites,,39aa8616-e9ed-4fda-809a-5f9befc6efc2,
Reef Cloud,3514,Porites rus,Porites rus,HARD CORAL,Porites rus,,7d41bcd1-d9dd-4b8f-85ab-cd410ae0e1ef,
Reef Cloud,3515,Poritidae,Poritidae,HARD CORAL,Poritidae,,cec2b2df-ba65-4634-b371-75ad63428f26,
Reef Cloud,16489,Porolithon,Porolithon,CRUSTOSE CORALLINE ALGAE,Porolithon,,c72bf3d9-e291-43f1-9e8d-d1efb4d8dbd7,
Reef Cloud,3516,Psammocora,Psammocora,HARD CORAL,Psammocora,,748cb267-f47c-4920-b5b0-39109ade448f,
Reef Cloud,3517,Psammocoridae,Psammocoridae,HARD CORAL,Psammocoridae,,5e9d2736-3afd-4c5e-bfe7-97398c50a980,
Reef Cloud,3519,Pseudodiploria,Pseudodiploria,HARD CORAL,Pseudodiploria,,10240284-332a-4913-9bca-a96af8380a06,
Reef Cloud,3520,Pseudodiploria clivosa,Pseudodiploria clivosa,HARD CORAL,Pseudodiploria clivosa,,e7f1d46b-a613-40fe-968f-8fddc7c13c98,
Reef Cloud,3521,Pseudodiploria strigosa,Pseudodiploria strigosa,HARD CORAL,Pseudodiploria strigosa,,4b503b74-748b-4773-a788-e16a84f59f81,
Reef Cloud,3522,Pseudosiderastrea,Pseudosiderastrea,HARD CORAL,Pseudosiderastrea,,fb2bf86e-f1f3-4649-bc3d-3e99cd1a3f98,
Reef Cloud,3523,Quadrat frame,Quadrat frame,OTHER,Other,,31c5af16-30d7-4966-97f4-01889a5cf973,
Reef Cloud,3525,Rhipocephalus,Rhipocephalus,MACROALGAE,Rhipocephalus,,f7159ae5-d627-4b4f-87a6-521fc36119e0,
Reef Cloud,3554,Rhizangiidae,Rhizangiidae,HARD CORAL,Rhizangiidae,,1e98daa8-4101-4890-9bc8-9ca10b59125f,
Reef Cloud,3526,Rhizopsammia,Rhizopsammia,HARD CORAL,Rhizopsammia,,d98e6d94-9ed6-413c-8d0b-c1348da344b8,
Reef Cloud,3527,Rhodophyta (Red macroalgae),Rhodophyta (Red macroalgae),MACROALGAE,Rhodophyta,,f76a7fb3-ec62-465e-a07c-aac3e0936d71,
Reef Cloud,3529,Ricordea florida,Ricordea florida,SESSILE INVERTEBRATES,Ricordea florida,,833e7189-5a31-4573-abfd-ff2eee999437,
Reef Cloud,3530,Rubble,Rubble,RUBBLE,Rubble,,ed2332ed-0762-45fb-87a3-d315e218faf1,
Reef Cloud,3528,Rumphella,Rumphella,SOFT CORAL,Rumphella,,1991bace-e755-49e8-85eb-cf3edc790170,
Reef Cloud,3531,Ruppia,Ruppia,SEAGRASS,Ruppia,,97877aab-95e7-4e22-ab98-9ebd2f644cbc,
Reef Cloud,3532,Ruppia maritima,Ruppia maritima,SEAGRASS,Ruppia maritima,,39329031-a618-4ef1-a454-f65dc26deef9,
Reef Cloud,3533,Ruppiaceae,Ruppiaceae,SEAGRASS,Ruppiaceae,,0dc61829-0b30-4906-a07a-5beff5aa44d3,
Reef Cloud,3605,Sabellidae (Sabellid worms),Sabellidae (Sabellid worms),OTHER INVERTEBRATES,Sabellidae,,29525c16-c16c-4e4b-a97c-1b42ad069926,
Reef Cloud,3534,Sand,Sand,SOFT SEDIMENT,Sand,,b76bca12-884b-4404-bb9f-97d505b0fe58,
Reef Cloud,3535,Sandalolitha,Sandalolitha,HARD CORAL,Sandalolitha,,14a38ea6-beab-4871-8249-a015b5423268,
Reef Cloud,260894,Sarcophytidae,Sarcophytidae,HARD CORAL,Sarcophytidae,,60e34548-5a87-421e-8228-e983c2417963,
Reef Cloud,3536,Sarcophyton,Sarcophyton,SOFT CORAL,Sarcophyton,,d19a0d50-6372-4390-922b-cc8e8f7f13eb,
Reef Cloud,3537,Sargassum,Sargassum,MACROALGAE,Sargassum,,e1272775-11a6-4f60-9054-956567a961df,
Reef Cloud,3627,Schizothrix,Schizothrix,CYANOBACTERIA,Schizothrix,,aee51139-56b0-43e4-91fb-f7238b6d4db7,
Reef Cloud,3539,Scleronephthya,Scleronephthya,SOFT CORAL,Scleronephthya,,3ffd2895-8d25-416a-a46e-52254feee334,
Reef Cloud,3540,Sclerophyllia,Sclerophyllia,HARD CORAL,Sclerophyllia,,d03e2f70-8c6d-4ca0-bb07-c0860a74461f,
Reef Cloud,260893,Sclerophytum,Sclerophytum,HARD CORAL,Sclerophytum,,a1646b4b-43d4-4173-8df5-1aed709039d1,
Reef Cloud,3541,Scolymia,Scolymia,HARD CORAL,Scolymia,,602a2e9b-abad-48ac-90ec-857dd2fc194f,
Reef Cloud,3542,Scolymia cubensis,Scolymia cubensis,HARD CORAL,Scolymia cubensis,,b2e0ed78-68a8-4b05-a329-7f9b3793ef88,
Reef Cloud,3543,Scolymia lacera,Scolymia lacera,HARD CORAL,Scolymia lacera,,970e6f49-9a1a-46e3-bb8d-95c607f6bfdd,
Reef Cloud,3544,Scolymia wellsii,Scolymia wellsii,HARD CORAL,Scolymia wellsii,,22fd6518-9e6e-49c9-813e-64e268db67d9,
Reef Cloud,3547,Seagrass,Seagrass,SEAGRASS,Seagrass,,5f1f7956-bc21-4bfd-a409-9740e614b2ac,
Reef Cloud,3548,Seriatopora,Seriatopora,HARD CORAL,Seriatopora,,316eeb46-e24d-449b-a0b7-c0c8c0b803e6,
Reef Cloud,3549,Seriatopora hystrix,Seriatopora hystrix,HARD CORAL,Seriatopora hystrix,,7f450c13-590f-413a-9dd5-b68c6060cdfb,
Reef Cloud,3606,Serpulidae (Serpulid worms),Serpulidae (Serpulid worms),OTHER INVERTEBRATES,Serpulidae,,ec2693a8-b09b-4a45-9b60-85fad1c36495,
Reef Cloud,3550,Siderastrea,Siderastrea,HARD CORAL,Siderastrea,,33f6866f-cc76-4125-b27d-84ac0110ba94,
Reef Cloud,3551,Siderastrea radians,Siderastrea radians,HARD CORAL,Siderastrea radians,,4b404c52-42a0-4efa-a950-2824489c8deb,
Reef Cloud,3552,Siderastrea siderea,Siderastrea siderea,HARD CORAL,Siderastrea siderea,,8c98a043-b8e4-4d55-8ad2-fbdfcf455af5,
Reef Cloud,3553,Siderastrea stellata,Siderastrea stellata,HARD CORAL,Siderastrea stellata,,72aa19cc-c1db-4b20-a794-40a06041aed4,
Reef Cloud,3555,Silt,Silt,SOFT SEDIMENT,Silt,,18c4c1ee-a261-493d-b868-4b8a5e42bfc6,
Reef Cloud,3556,Simplastrea,Simplastrea,HARD CORAL,Simplastrea,,1e435fea-2503-473b-b246-e03b7790200a,
Reef Cloud,3557,Sinularia,Sinularia,SOFT CORAL,Sinularia,,ad22bde8-47c5-45dd-9d6e-45dd361b3b06,
Reef Cloud,3558,Soft coral,Soft coral,SOFT CORAL,Soft coral,,30a987e9-b420-4db6-a83a-a1f7cabd14fb,
Reef Cloud,3559,Solenastrea,Solenastrea,HARD CORAL,Solenastrea,,102e7c4f-d9cb-44fa-a65c-60225db98eb8,
Reef Cloud,3560,Solenastrea bournoni,Solenastrea bournoni,HARD CORAL,Solenastrea bournoni,,3a8d7636-166d-4841-9ddb-9c378f9b32ec,
Reef Cloud,3561,Solenastrea hyades,Solenastrea hyades,HARD CORAL,Solenastrea hyades,,6812b181-49a2-4302-928c-cbdbc8781e88,
Reef Cloud,3562,Spirobranchus giganteus,Spirobranchus giganteus,OTHER INVERTEBRATES,Spirobranchus giganteus,,624ecdc3-0b70-46df-8f5c-f0fc8f7dd1b6,
Reef Cloud,3565,Stephanocoenia intersepta,Stephanocoenia intersepta,HARD CORAL,Stephanocoenia intersepta,,c85f376f-a666-4c11-bc95-03e0a9dac856,
Reef Cloud,3566,Stereonephthya,Stereonephthya,SOFT CORAL,Stereonephthya,,2ada3566-4704-4484-ae8f-db6a864bafd5,
Reef Cloud,3568,Stylaraea,Stylaraea,HARD CORAL,Stylaraea,,886f4455-e955-45af-abf8-a3ed8f6be830,
Reef Cloud,3569,Stylaster,Stylaster,SESSILE INVERTEBRATES,Stylaster,,7d649b73-ccd6-4254-8a42-d2b24d25ac5e,
Reef Cloud,3570,Stylasteridae,Stylasteridae,SESSILE INVERTEBRATES,Stylasteridae,,0e504528-266a-4599-8b8d-b8347281b18b,
Reef Cloud,3572,Stylocoeniella,Stylocoeniella,HARD CORAL,Stylocoeniella,,4fddc309-01c7-4040-86b4-f80f0f0235e9,
Reef Cloud,3573,Stylophora,Stylophora,HARD CORAL,Stylophora,,c3ffe279-fb7b-499e-8fb8-b26403c80710,
Reef Cloud,3574,Stylophora pistillata,Stylophora pistillata,HARD CORAL,Stylophora pistillata,,d932b38e-8f39-407c-968e-b8401bb1ddc3,
Reef Cloud,3575,Stypopodium,Stypopodium,MACROALGAE,Stypopodium,,43cf8a4f-6523-4dae-8fd5-c34fa4afc8cd,
Reef Cloud,3576,Svenzea zeai,Svenzea zeai,SPONGE,Svenzea zeai,,e99ca6ad-a371-4db5-8298-71995b7aa274,
Reef Cloud,3579,Syringodium filiforme,Syringodium filiforme,SEAGRASS,Syringodium filiforme,,9da9bd58-8e73-4fe3-845c-e7efacce9f95,
Reef Cloud,3628,Syringodium isoetifolium,Syringodium isoetifolium,SEAGRASS,Syringodium isoetifolium,,7be2f339-ff72-4662-b86c-01df0a956302,
Reef Cloud,3580,Tape,Tape,OTHER,Tape,,f1e4a10b-bda7-4f1f-b7a5-2cafe071fd2a,
Reef Cloud,3581,Thalassia,Thalassia,SEAGRASS,Thalassia,,e4e3ef1c-a32c-4895-9690-688a7ef25b76,
Reef Cloud,3582,Thalassia hemprichii,Thalassia hemprichii,SEAGRASS,Thalassia hemprichii,,26a7cc08-4925-41fb-b967-6636a7b00527,
Reef Cloud,3583,Thalassia testudinum,Thalassia testudinum,SEAGRASS,Thalassia testudinum,,8d8e556c-63a5-4aa8-9d25-f265c162b9be,
Reef Cloud,3584,Thalassodendron ciliatum,Thalassodendron ciliatum,SEAGRASS,Thalassodendron ciliatum,,cacd53aa-cdae-4839-8563-41182e7b5784,
Reef Cloud,16492,Titanoderma,Titanoderma,CRUSTOSE CORALLINE ALGAE,Titanoderma,,b62fd524-466f-46af-8afa-7cc9635f00da,
Reef Cloud,3585,Trachyphyllia,Trachyphyllia,HARD CORAL,Trachyphyllia,,1c8b5e88-9310-4184-87a6-4774a05d6337,
Reef Cloud,3586,Tridacna (Giant clam),Tridacna (Giant clam),SESSILE INVERTEBRATES,Tridacna giant clam,,1aa38424-a8ab-4c85-b463-10606426e66e,
Reef Cloud,3587,Trididemnum solidum,Trididemnum solidum,SESSILE INVERTEBRATES,Trididemnum solidum,,10a9baaf-a125-4e6d-87cb-379435a8746a,
Reef Cloud,3588,Tubastraea,Tubastraea,HARD CORAL,Tubastraea,,bbff20b3-6dd9-4be8-aa3e-6619229d2d6b,
Reef Cloud,3589,Tubipora,Tubipora,SOFT CORAL,Tubipora,,efae0d72-6980-4c29-be83-63da72812a35,
Reef Cloud,3590,Tubiporidae,Tubiporidae,SOFT CORAL,Tubiporidae,,59b30e0e-2557-4790-b5bc-a350b20dc9d3,
Reef Cloud,3592,Turbinaria (Algae),Turbinaria (Algae),MACROALGAE,Turbinaria-algae,,6439edbc-f43a-485f-81b3-e64246c4fc90,
Reef Cloud,3593,Turbinaria (Hard coral),Turbinaria (Hard coral),HARD CORAL,Turbinaria-coral,,588f63cd-ffd2-4c38-8684-1208109165eb,
Reef Cloud,3594,Turf algae,Turf algae,TURF ALGAE,Turf algae,,20090bf4-868e-431b-974c-ab9be5bbdb5f,
Reef Cloud,3595,Tydemania,Tydemania,MACROALGAE,Tydemania,,0ee04957-7c54-4def-b435-f0b8ecaa9632,
Reef Cloud,3596,Udotea,Udotea,MACROALGAE,Udotea,,50062bd7-949d-45b6-9083-6d2d94c8f31e,
Reef Cloud,3597,Ulva,Ulva,MACROALGAE,Ulva,,4fab6349-d704-4883-bb83-6288e3c7b03f,
Reef Cloud,3602,Valonia,Valonia,MACROALGAE,Valonia,,c0f0ee39-58b1-4304-961e-6729dd8567d3,
Reef Cloud,3604,Water,Water,OTHER,Other,,31c5af16-30d7-4966-97f4-01889a5cf973,
Reef Cloud,3607,Wrangelia,Wrangelia,MACROALGAE,Wrangelia,,9f424659-9e93-43f0-a83b-14eb41c9d253,
Reef Cloud,3609,Xenia,Xenia,SOFT CORAL,Xenia,,457699ac-fd34-4640-bce4-070b1d7db3b5,
Reef Cloud,3608,Xeniidae,Xeniidae,SOFT CORAL,Xeniidae,,1cf7ce64-c413-490e-a261-e6effe8cbbb8,
Reef Cloud,3610,Xetospongia muta,Xetospongia muta,SESSILE INVERTEBRATES,Xestospongia muta,,0d7251c1-20bc-40db-afdb-00cad85b2b0d,
Reef Cloud,3611,Zellera,Zellera,MACROALGAE,Zellera,,982adc9d-472e-4c9c-820d-f8a4e4fe4ebc,
Reef Cloud,3612,Zoanthidae (Zoanthids),Zoanthidae (Zoanthids),SESSILE INVERTEBRATES,Zoanthidae,,68f2869a-64d4-4b89-9a17-35cc5372323a,
Reef Cloud,3613,Zoopilus,Zoopilus,HARD CORAL,Zoopilus,,e7e28acf-e7dd-4675-abb4-023092914e17,
Reef Cloud,3614,Zostera,Zostera,SEAGRASS,Zostera,,d823bc1b-57a4-48ec-8a5a-f381b4da04cc,
Reef Cloud,3615,Zostera capricorni,Zostera capricorni,SEAGRASS,Zostera capricorni,,7a6344b9-51db-4f99-b10f-7c3a1efb6432,
Reef Cloud,3616,Zosteraceae,Zosteraceae,SEAGRASS,Zosteraceae,,77b5acaf-32d0-41fe-acb8-7a0c39f2ae92,
